filename,status,timestamp
photos/All Stoles Geisel/DSC_4542.jpg,deleted,2025-07-23 07:36:15.71056+00
photos/All Stoles Geisel/DSC_4543.jpg,deleted,2025-07-23 07:36:15.71056+00
photos/All Stoles Geisel/DSC_4544.jpg,deleted,2025-07-23 07:36:15.71056+00
photos/All Stoles Geisel/DSC_4546.jpg,deleted,2025-07-23 07:36:15.71056+00
photos/All Stoles Geisel/DSC_4548.jpg,deleted,2025-07-23 07:36:15.71056+00
photos/All Stoles Geisel/DSC_4549.jpg,deleted,2025-07-23 07:36:15.71056+00
photos/All Stoles Geisel/DSC_4552.jpg,deleted,2025-07-23 07:36:15.71056+00
photos/All Stoles Geisel/DSC_4554.jpg,deleted,2025-07-23 07:36:15.71056+00
photos/All Stoles Geisel/DSC_4555.jpg,deleted,2025-07-23 07:36:15.71056+00
photos/All Stoles Geisel/DSC_4557.jpg,deleted,2025-07-23 07:36:15.71056+00
photos/All Stoles Geisel/DSC_4559.jpg,deleted,2025-07-23 07:36:15.71056+00
photos/All Stoles Geisel/DSC_4560.jpg,deleted,2025-07-23 07:36:15.71056+00
photos/All Stoles Geisel/DSC_4563.jpg,deleted,2025-07-23 07:36:15.71056+00
photos/All Stoles Geisel/DSC_4565.jpg,deleted,2025-07-23 07:36:15.71056+00
photos/All Stoles Geisel/DSC_4566.jpg,deleted,2025-07-23 07:36:15.71056+00
photos/All Stoles Geisel/DSC_4567.jpg,deleted,2025-07-23 07:36:15.71056+00
photos/All Stoles Geisel/DSC_4572.jpg,deleted,2025-07-23 07:36:15.71056+00
photos/All Stoles Geisel/DSC_4606.jpg,deleted,2025-07-23 07:36:15.71056+00
photos/All Stoles Geisel/DSC_4607.jpg,deleted,2025-07-23 07:36:15.71056+00
photos/All Stoles Geisel/DSC_4609.jpg,deleted,2025-07-23 07:36:15.71056+00
photos/All Stoles Geisel/DSC_4610.jpg,deleted,2025-07-23 07:36:15.71056+00
photos/All Stoles Geisel/DSC_4612.jpg,deleted,2025-07-23 07:36:15.71056+00
photos/All Stoles Geisel/DSC_4613.jpg,deleted,2025-07-23 07:36:15.71056+00
photos/All Stoles Geisel/DSC_4617.jpg,deleted,2025-07-23 07:36:15.71056+00
photos/All Stoles Geisel/DSC_4620.jpg,deleted,2025-07-23 07:36:15.71056+00
photos/All Stoles Geisel/DSC_4621.jpg,deleted,2025-07-23 07:36:15.71056+00
photos/All Stoles Geisel/DSC_4622.jpg,deleted,2025-07-23 07:36:15.71056+00
photos/All Stoles Geisel/DSC_4623.jpg,deleted,2025-07-23 07:36:15.71056+00
photos/All Stoles Geisel/DSC_4624.jpg,deleted,2025-07-23 07:36:15.71056+00
photos/All Stoles Geisel/DSC_4625.jpg,deleted,2025-07-23 07:36:15.71056+00
photos/All Stoles Geisel/DSC_4626.jpg,deleted,2025-07-23 07:36:15.71056+00
photos/All Stoles Geisel/DSC_4627.jpg,deleted,2025-07-23 07:36:15.71056+00
photos/All Stoles Geisel/DSC_4628.jpg,deleted,2025-07-23 07:36:15.71056+00
photos/All Stoles Geisel/DSC_4630.jpg,deleted,2025-07-23 07:36:15.71056+00
photos/All Stoles Geisel/DSC_4631.jpg,deleted,2025-07-23 07:36:15.71056+00
photos/All Stoles Geisel/DSC_4633.jpg,deleted,2025-07-23 07:36:15.71056+00
photos/All Stoles Geisel/DSC_4635.jpg,deleted,2025-07-23 07:36:15.71056+00
photos/All Stoles Geisel/DSC_4637.jpg,deleted,2025-07-23 07:36:15.71056+00
photos/All Stoles Geisel/DSC_4639.jpg,deleted,2025-07-23 07:36:15.71056+00
photos/All Stoles Geisel/DSC_4644.jpg,deleted,2025-07-23 07:36:15.71056+00
photos/All Stoles Geisel/DSC_4648.jpg,deleted,2025-07-23 07:36:15.71056+00
photos/All Stoles Geisel/DSC_4653.jpg,deleted,2025-07-23 07:36:15.71056+00
photos/All Stoles Geisel/DSC_4654.jpg,deleted,2025-07-23 07:36:15.71056+00
photos/All Stoles Geisel/DSC_4655.jpg,deleted,2025-07-23 07:36:15.71056+00
photos/All Stoles Geisel/DSC_4658.jpg,deleted,2025-07-23 07:36:15.71056+00
photos/All Stoles Geisel/DSC_4659.jpg,deleted,2025-07-23 07:36:15.71056+00
photos/All Stoles Geisel/DSC_4662.jpg,deleted,2025-07-23 07:36:15.71056+00
photos/All Stoles Geisel/DSC_4663.jpg,deleted,2025-07-23 07:36:15.71056+00
photos/All Stoles Geisel/DSC_4664.jpg,deleted,2025-07-23 07:36:15.71056+00
photos/All Stoles Geisel/DSC_4665.jpg,deleted,2025-07-23 07:36:15.71056+00
photos/All Stoles Geisel/DSC_4666.jpg,deleted,2025-07-23 07:36:15.71056+00
photos/All Stoles Geisel/DSC_4668.jpg,deleted,2025-07-23 07:36:15.71056+00
photos/All Stoles Geisel/DSC_4669.jpg,deleted,2025-07-23 07:36:15.71056+00
photos/All Stoles Geisel/DSC_4682.jpg,deleted,2025-07-23 07:36:15.71056+00
photos/All Stoles Geisel/DSC_4686.jpg,deleted,2025-07-23 07:36:15.71056+00
photos/All Stoles Geisel/DSC_4687.jpg,deleted,2025-07-23 07:36:15.71056+00
photos/All Stoles Geisel/DSC_4688.jpg,deleted,2025-07-23 07:36:15.71056+00
photos/All Stoles Geisel/DSC_4689.jpg,deleted,2025-07-23 07:36:15.71056+00
photos/All Stoles Geisel/DSC_4694.jpg,deleted,2025-07-23 07:36:15.71056+00
photos/All Stoles Geisel/DSC_4699.jpg,deleted,2025-07-23 07:36:15.71056+00
photos/All Stoles Geisel/DSC_4700.jpg,deleted,2025-07-23 07:36:15.71056+00
photos/All Stoles Geisel/DSC_4705.jpg,deleted,2025-07-23 07:36:15.71056+00
photos/All Stoles Geisel/DSC_4706.jpg,deleted,2025-07-23 07:36:15.71056+00
photos/All Stoles Geisel/DSC_4707.jpg,deleted,2025-07-23 07:36:15.71056+00
photos/All Stoles Geisel/DSC_4708.jpg,deleted,2025-07-23 07:36:15.71056+00
photos/All Stoles Geisel/DSC_4710.jpg,deleted,2025-07-23 07:36:15.71056+00
photos/All Stoles Geisel/DSC_4711.jpg,deleted,2025-07-23 07:36:15.71056+00
photos/All Stoles Geisel/DSC_4715.jpg,deleted,2025-07-23 07:36:15.71056+00
photos/All Stoles Geisel/DSC_4716.jpg,deleted,2025-07-23 07:36:15.71056+00
photos/All Stoles Geisel/DSC_4717.jpg,deleted,2025-07-23 07:36:15.71056+00
photos/All Stoles Geisel/DSC_4718.jpg,deleted,2025-07-23 07:36:15.71056+00
photos/All Stoles Geisel/DSC_4720.jpg,deleted,2025-07-23 07:36:15.71056+00
photos/All Stoles Geisel/DSC_4721.jpg,deleted,2025-07-23 07:36:15.71056+00
photos/All Stoles Geisel/DSC_4722.jpg,deleted,2025-07-23 07:36:15.71056+00
photos/All Stoles Geisel/DSC_4730.jpg,deleted,2025-07-23 07:36:15.71056+00
photos/All Stoles Geisel/DSC_4734.jpg,deleted,2025-07-23 07:36:15.71056+00
photos/All Stoles Geisel/DSC_4735.jpg,deleted,2025-07-23 07:36:15.71056+00
photos/All Stoles Geisel/DSC_4736.jpg,deleted,2025-07-23 07:36:15.71056+00
photos/All Stoles Geisel/DSC_4738.jpg,deleted,2025-07-23 07:36:15.71056+00
photos/All Stoles Geisel/DSC_4742.jpg,deleted,2025-07-23 07:36:15.71056+00
photos/All Stoles Geisel/DSC_4748.jpg,deleted,2025-07-23 07:36:15.71056+00
photos/Concrete Wall/DSC_5853.jpg,deleted,2025-07-30 20:57:07.806875+00
photos/Concrete Wall/DSC_5854.jpg,deleted,2025-07-30 20:57:07.806875+00
photos/Concrete Wall/DSC_5870.jpg,deleted,2025-07-30 20:57:07.806875+00
photos/Concrete Wall/DSC_5871.jpg,deleted,2025-07-30 20:57:07.806875+00
photos/Concrete Wall/DSC_5875.jpg,deleted,2025-07-30 20:57:07.806875+00
photos/Concrete Wall/DSC_5876.jpg,deleted,2025-07-30 20:57:07.806875+00
photos/Concrete Wall/DSC_5877.jpg,deleted,2025-07-30 20:57:07.806875+00
photos/Concrete Wall/DSC_5882.jpg,deleted,2025-07-30 20:57:07.806875+00
photos/Concrete Wall/DSC_5884.jpg,deleted,2025-07-30 20:57:07.806875+00
photos/Concrete Wall/DSC_5898.jpg,deleted,2025-07-30 20:57:07.806875+00
photos/Concrete Wall/DSC_5903.jpg,deleted,2025-07-30 20:57:07.806875+00
photos/Concrete Wall/DSC_5904.jpg,deleted,2025-07-30 20:57:07.806875+00
photos/Concrete Wall/DSC_5905.jpg,deleted,2025-07-30 20:57:07.806875+00
photos/Concrete Wall/DSC_5906.jpg,deleted,2025-07-30 20:57:07.806875+00
photos/Concrete Wall/DSC_5907.jpg,deleted,2025-07-30 20:57:07.806875+00
photos/Concrete Wall/DSC_5910.jpg,deleted,2025-07-30 20:57:07.806875+00
photos/Concrete Wall/DSC_5914.jpg,deleted,2025-07-30 20:57:07.806875+00
photos/Concrete Wall/DSC_5915.jpg,deleted,2025-07-30 20:57:07.806875+00
photos/Concrete Wall/DSC_5937.jpg,deleted,2025-07-30 20:57:07.806875+00
photos/Concrete Wall/DSC_5939.jpg,deleted,2025-07-30 20:57:07.806875+00
photos/Concrete Wall/DSC_5942.jpg,deleted,2025-07-30 20:57:07.806875+00
photos/Concrete Wall/DSC_5944.jpg,deleted,2025-07-30 20:57:07.806875+00
photos/Concrete Wall/DSC_5945.jpg,deleted,2025-07-30 20:57:07.806875+00
photos/Concrete Wall/DSC_5947.jpg,deleted,2025-07-30 20:57:07.806875+00
photos/Concrete Wall/DSC_5948.jpg,deleted,2025-07-30 20:57:07.806875+00
photos/Concrete Wall/DSC_5949.jpg,deleted,2025-07-30 20:57:07.806875+00
photos/Concrete Wall/DSC_5950.jpg,deleted,2025-07-30 20:57:07.806875+00
photos/Concrete Wall/DSC_5952.jpg,deleted,2025-07-30 20:57:07.806875+00
photos/Concrete Wall/DSC_5957.jpg,deleted,2025-07-30 20:57:07.806875+00
photos/Concrete Wall/DSC_5958.jpg,deleted,2025-07-30 20:57:07.806875+00
photos/Concrete Wall/DSC_5960.jpg,deleted,2025-07-30 20:57:07.806875+00
photos/Concrete Wall/DSC_5961.jpg,deleted,2025-07-30 20:57:07.806875+00
photos/Concrete Wall/DSC_5962.jpg,deleted,2025-07-30 20:57:07.806875+00
photos/Concrete Wall Stoles/DSC_6051.jpg,deleted,2025-07-23 07:36:15.71056+00
photos/Concrete Wall Stoles/DSC_6059.jpg,deleted,2025-07-23 07:36:15.71056+00
photos/Concrete Wall Stoles/DSC_6068.jpg,deleted,2025-07-23 07:36:15.71056+00
photos/Concrete Wall Stoles/DSC_6074.jpg,deleted,2025-07-23 07:36:15.71056+00
photos/Concrete Wall Stoles/DSC_6075.jpg,deleted,2025-07-23 07:36:15.71056+00
photos/Concrete Wall Stoles/DSC_6078.jpg,deleted,2025-07-23 07:36:15.71056+00
photos/Concrete Wall Stoles/DSC_6082.jpg,deleted,2025-07-23 07:36:15.71056+00
photos/Concrete Wall Stoles/DSC_6084.jpg,deleted,2025-07-23 07:36:15.71056+00
photos/Concrete Wall Stoles/DSC_6085.jpg,deleted,2025-07-23 07:36:15.71056+00
photos/Concrete Wall Stoles/DSC_6090.jpg,deleted,2025-07-23 07:36:15.71056+00
photos/Concrete Wall Stoles/DSC_6091.jpg,deleted,2025-07-23 07:36:15.71056+00
photos/Concrete Wall Stoles/DSC_6092.jpg,deleted,2025-07-23 07:36:15.71056+00
photos/Concrete Wall Stoles/DSC_6105.jpg,deleted,2025-07-23 07:36:15.71056+00
photos/Concrete Wall Stoles/DSC_6120.jpg,deleted,2025-07-30 20:57:07.806875+00
photos/Concrete Wall Stoles/DSC_6138.jpg,deleted,2025-07-30 20:57:07.806875+00
photos/Concrete Wall Stoles/DSC_6142.jpg,deleted,2025-07-30 20:57:07.806875+00
photos/Concrete Wall Stoles/DSC_6151.jpg,deleted,2025-07-30 20:57:07.806875+00
photos/Concrete Wall Stoles/DSC_6159.jpg,deleted,2025-07-30 20:57:07.806875+00
photos/Concrete Wall Stoles/DSC_6161.jpg,deleted,2025-07-30 20:57:07.806875+00
photos/Concrete Wall Stoles/DSC_6164.jpg,deleted,2025-07-30 20:57:07.806875+00
photos/Concrete Wall Stoles/DSC_6165.jpg,deleted,2025-07-30 20:57:07.806875+00
photos/Concrete Wall Stoles/DSC_6166.jpg,deleted,2025-07-30 20:57:07.806875+00
photos/Concrete Wall Stoles/DSC_6168.jpg,deleted,2025-07-30 20:57:07.806875+00
photos/Concrete Wall Stoles/DSC_6176.jpg,deleted,2025-07-30 20:57:07.806875+00
photos/Concrete Wall Stoles/DSC_6178.jpg,deleted,2025-07-30 20:57:07.806875+00
photos/Concrete Wall Stoles/DSC_6179.jpg,deleted,2025-07-30 20:57:07.806875+00
photos/Concrete Wall Stoles/DSC_6181.jpg,deleted,2025-07-30 20:57:07.806875+00
photos/Concrete Wall Stoles/DSC_6182.jpg,deleted,2025-07-30 20:57:07.806875+00
photos/Concrete Wall with Helmet/DSC_5972.jpg,deleted,2025-07-30 20:57:07.806875+00
photos/Concrete Wall with Helmet/DSC_5996.jpg,deleted,2025-07-30 20:57:07.806875+00
photos/Concrete Wall with Helmet/DSC_5998.jpg,deleted,2025-07-30 20:57:07.806875+00
photos/Concrete Wall with Helmet/DSC_6002.jpg,deleted,2025-07-30 20:57:07.806875+00
photos/Concrete Wall with Helmet/DSC_6006.jpg,deleted,2025-07-30 20:57:07.806875+00
photos/Concrete Wall with Helmet/DSC_6012.jpg,deleted,2025-07-30 20:57:07.806875+00
photos/Concrete Wall with Helmet/DSC_6013.jpg,deleted,2025-07-30 20:57:07.806875+00
photos/Concrete Wall with Helmet/DSC_6014.jpg,deleted,2025-07-30 20:57:07.806875+00
photos/Concrete Wall with Helmet/DSC_6017.jpg,deleted,2025-07-30 20:57:07.806875+00
photos/Concrete Wall with Helmet/DSC_6018.jpg,deleted,2025-07-30 20:57:07.806875+00
photos/Concrete Wall with Helmet/DSC_6020.jpg,deleted,2025-07-30 20:57:07.806875+00
photos/Concrete Wall with Helmet/DSC_6021.jpg,deleted,2025-07-30 20:57:07.806875+00
photos/Concrete Wall with Helmet/DSC_6024.jpg,deleted,2025-07-30 20:57:07.806875+00
photos/Garden/DSC_6843.jpg,deleted,2025-07-30 21:11:25.349312+00
photos/Garden/DSC_6845.jpg,deleted,2025-07-30 20:58:35.8163+00
photos/Garden/DSC_6847.jpg,deleted,2025-07-30 20:58:35.8163+00
photos/Garden/DSC_6853.jpg,deleted,2025-07-30 20:58:35.8163+00
photos/Garden/DSC_6854.jpg,deleted,2025-07-30 20:58:35.8163+00
photos/Garden/DSC_6863.jpg,deleted,2025-07-30 20:58:35.8163+00
photos/Garden/DSC_6865.jpg,deleted,2025-07-30 20:58:35.8163+00
photos/Garden/DSC_6866.jpg,deleted,2025-07-30 20:58:35.8163+00
photos/Garden/DSC_6871.jpg,deleted,2025-07-30 20:58:35.8163+00
photos/Garden/DSC_6872.jpg,deleted,2025-07-30 20:58:35.8163+00
photos/Garden/DSC_6874.jpg,deleted,2025-07-30 20:58:35.8163+00
photos/Garden/DSC_6879.jpg,deleted,2025-07-30 20:58:35.8163+00
photos/Garden/DSC_6882.jpg,deleted,2025-07-30 20:58:35.8163+00
photos/Garden/DSC_6885.jpg,deleted,2025-07-30 20:58:35.8163+00
photos/Garden/DSC_6887.jpg,deleted,2025-07-30 20:58:35.8163+00
photos/Garden/DSC_6895.jpg,deleted,2025-07-30 20:58:35.8163+00
photos/Garden/DSC_6897.jpg,deleted,2025-07-30 20:58:35.8163+00
photos/Garden/DSC_6901.jpg,deleted,2025-07-30 20:58:35.8163+00
photos/Garden/DSC_6902.jpg,deleted,2025-07-30 20:58:35.8163+00
photos/Garden/DSC_6904.jpg,deleted,2025-07-30 20:58:35.8163+00
photos/Garden/DSC_6912.jpg,deleted,2025-07-30 20:58:35.8163+00
photos/Garden/DSC_6921.jpg,deleted,2025-07-30 20:58:35.8163+00
photos/Garden/DSC_6927.jpg,deleted,2025-07-30 20:58:35.8163+00
photos/Garden/DSC_6932.jpg,deleted,2025-07-30 20:58:35.8163+00
photos/Garden/DSC_6936.jpg,deleted,2025-07-30 20:58:35.8163+00
photos/Garden/DSC_6938.jpg,deleted,2025-07-30 20:58:35.8163+00
photos/Garden/DSC_6945.jpg,deleted,2025-07-30 20:58:35.8163+00
photos/Garden/DSC_6946.jpg,deleted,2025-07-30 21:11:25.349312+00
photos/Garden/DSC_6947.jpg,deleted,2025-07-30 21:11:25.349312+00
photos/Garden/DSC_6948.jpg,deleted,2025-07-30 20:58:35.8163+00
photos/Garden/DSC_6951.jpg,deleted,2025-07-30 20:58:35.8163+00
photos/Garden/DSC_6956.jpg,deleted,2025-07-30 20:58:35.8163+00
photos/Garden/DSC_6962.jpg,deleted,2025-07-30 20:58:35.8163+00
photos/Garden/DSC_6964.jpg,deleted,2025-07-30 20:58:35.8163+00
photos/Garden/DSC_6966.jpg,deleted,2025-07-30 20:58:35.8163+00
photos/Garden/DSC_6967.jpg,deleted,2025-07-30 20:58:35.8163+00
photos/Garden/DSC_6968.jpg,deleted,2025-07-30 20:58:35.8163+00
photos/Garden/DSC_6969.jpg,deleted,2025-07-30 20:58:35.8163+00
photos/Garden/DSC_6972.jpg,deleted,2025-07-30 20:58:35.8163+00
photos/Garden/DSC_6987.jpg,deleted,2025-07-30 20:58:35.8163+00
photos/Garden/DSC_6990.jpg,deleted,2025-07-30 20:58:35.8163+00
photos/Garden/DSC_6993.jpg,deleted,2025-07-30 20:58:35.8163+00
photos/Garden/DSC_6994.jpg,deleted,2025-07-30 20:58:35.8163+00
photos/Garden/DSC_6995.jpg,deleted,2025-07-30 20:58:35.8163+00
photos/Garden/DSC_6996.jpg,deleted,2025-07-30 20:58:35.8163+00
photos/Garden/DSC_7001.jpg,deleted,2025-07-30 20:58:35.8163+00
photos/Garden/DSC_7003.jpg,deleted,2025-07-30 20:58:35.8163+00
photos/Garden/DSC_7004.jpg,deleted,2025-07-30 20:58:35.8163+00
photos/Garden/DSC_7007.jpg,deleted,2025-07-30 20:58:35.8163+00
photos/Garden/DSC_7009.jpg,deleted,2025-07-30 20:58:35.8163+00
photos/Garden/DSC_7012.jpg,deleted,2025-07-30 20:58:35.8163+00
photos/Garden/DSC_7017.jpg,deleted,2025-07-30 20:58:35.8163+00
photos/Garden/DSC_7018.jpg,deleted,2025-07-30 20:58:35.8163+00
photos/Garden/DSC_7025.jpg,deleted,2025-07-30 20:58:35.8163+00
photos/Garden/DSC_7026.jpg,deleted,2025-07-30 20:58:35.8163+00
photos/Garden/DSC_7027.jpg,deleted,2025-07-30 20:58:35.8163+00
photos/Garden/DSC_7032.jpg,deleted,2025-07-30 20:58:35.8163+00
photos/Garden Robe & Helmet/DSC_6686.jpg,deleted,2025-07-30 20:57:07.806875+00
photos/Garden Robe & Helmet/DSC_6692.jpg,deleted,2025-07-30 20:57:07.806875+00
photos/Garden Robe & Helmet/DSC_6705.jpg,deleted,2025-07-30 20:57:07.806875+00
photos/Garden Robe & Helmet/DSC_6712.jpg,deleted,2025-07-30 20:57:07.806875+00
photos/Garden Robe & Helmet/DSC_6713.jpg,deleted,2025-07-30 20:57:07.806875+00
photos/Garden Robe & Helmet/DSC_6714.jpg,deleted,2025-07-30 20:57:07.806875+00
photos/Garden Robe & Helmet/DSC_6715.jpg,deleted,2025-07-30 20:57:07.806875+00
photos/Garden Robe & Helmet/DSC_6716.jpg,deleted,2025-07-30 20:57:07.806875+00
photos/Garden Robe & Helmet/DSC_6720.jpg,deleted,2025-07-30 20:57:07.806875+00
photos/Garden Robe & Helmet/DSC_6728.jpg,deleted,2025-07-30 20:57:07.806875+00
photos/Garden Robe & Helmet/DSC_6734.jpg,deleted,2025-07-30 20:57:07.806875+00
photos/Garden Robe & Helmet/DSC_6735.jpg,deleted,2025-07-30 20:57:07.806875+00
photos/Garden Robe & Helmet/DSC_6738.jpg,deleted,2025-07-30 20:57:07.806875+00
photos/Garden Robe & Helmet/DSC_6742.jpg,deleted,2025-07-30 20:57:07.806875+00
photos/Garden Robe & Helmet/DSC_6746.jpg,deleted,2025-07-30 20:57:07.806875+00
photos/Garden Robe & Helmet/DSC_6747.jpg,deleted,2025-07-30 20:57:07.806875+00
photos/Garden Robe & Helmet/DSC_6752.jpg,deleted,2025-07-30 20:57:07.806875+00
photos/Garden Robe & Helmet/DSC_6753.jpg,deleted,2025-07-30 20:57:07.806875+00
photos/Garden Robe & Helmet/DSC_6767.jpg,deleted,2025-07-30 20:57:07.806875+00
photos/Garden Robe & Helmet/DSC_6769.jpg,deleted,2025-07-30 20:57:07.806875+00
photos/Garden Robe & Helmet/DSC_6773.jpg,deleted,2025-07-30 20:57:07.806875+00
photos/Garden Robe & Helmet/DSC_6775.jpg,deleted,2025-07-30 20:57:07.806875+00
photos/Garden Robe & Helmet/DSC_6779.jpg,deleted,2025-07-30 20:57:07.806875+00
photos/Garden Robe & Helmet/DSC_6792.jpg,deleted,2025-07-30 20:57:07.806875+00
photos/Garden Robe & Helmet/DSC_6804.jpg,deleted,2025-07-30 21:11:25.349312+00
photos/Geisel/DSC_5503.jpg,deleted,2025-07-30 21:11:25.349312+00
photos/Geisel/DSC_5505.jpg,deleted,2025-07-30 21:11:25.349312+00
photos/Geisel/DSC_5506.jpg,deleted,2025-07-30 21:11:25.349312+00
photos/Geisel/DSC_5508.jpg,deleted,2025-07-30 21:11:25.349312+00
photos/Geisel/DSC_5509.jpg,deleted,2025-07-30 21:16:52.572517+00
photos/Geisel/DSC_5510.jpg,deleted,2025-07-30 21:16:52.572517+00
photos/Geisel/DSC_5515.jpg,deleted,2025-07-30 21:16:52.572517+00
photos/Geisel/DSC_5516.jpg,deleted,2025-07-30 21:16:52.572517+00
photos/Geisel/DSC_5521.jpg,deleted,2025-07-30 21:16:52.572517+00
photos/Geisel/DSC_5522.jpg,deleted,2025-07-30 21:16:52.572517+00
photos/Geisel/DSC_5523.jpg,deleted,2025-07-30 21:16:52.572517+00
photos/Geisel/DSC_5524.jpg,deleted,2025-07-30 21:16:52.572517+00
photos/Geisel/DSC_5525.jpg,deleted,2025-07-30 21:16:52.572517+00
photos/Geisel/DSC_5528.jpg,deleted,2025-07-30 21:16:52.572517+00
photos/Geisel/DSC_5529.jpg,deleted,2025-07-30 21:16:52.572517+00
photos/Geisel/DSC_5531.jpg,deleted,2025-07-30 21:16:52.572517+00
photos/Geisel/DSC_5532.jpg,deleted,2025-07-30 21:16:52.572517+00
photos/Geisel/DSC_5536.jpg,deleted,2025-07-30 21:16:52.572517+00
photos/Geisel/DSC_5537.jpg,deleted,2025-07-30 21:16:52.572517+00
photos/Geisel/DSC_5538.jpg,deleted,2025-07-30 21:16:52.572517+00
photos/Geisel/DSC_5540.jpg,deleted,2025-07-30 21:16:52.572517+00
photos/Geisel/DSC_5541.jpg,deleted,2025-07-30 21:16:52.572517+00
photos/Geisel/DSC_5542.jpg,deleted,2025-07-30 21:16:52.572517+00
photos/Geisel/DSC_5543.jpg,deleted,2025-07-30 21:16:52.572517+00
photos/Geisel/DSC_5545.jpg,deleted,2025-07-30 21:16:52.572517+00
photos/Geisel/DSC_5546.jpg,deleted,2025-07-30 21:16:52.572517+00
photos/Geisel/DSC_5547.jpg,deleted,2025-07-30 21:16:52.572517+00
photos/Geisel/DSC_5548.jpg,deleted,2025-07-30 21:16:52.572517+00
photos/Geisel/DSC_5549.jpg,deleted,2025-07-30 21:16:52.572517+00
photos/Geisel/DSC_5550.jpg,deleted,2025-07-30 21:16:52.572517+00
photos/Geisel/DSC_5551.jpg,deleted,2025-07-30 21:16:52.572517+00
photos/Geisel/DSC_5555.jpg,deleted,2025-07-30 21:16:52.572517+00
photos/Geisel/DSC_5557.jpg,deleted,2025-07-30 21:16:52.572517+00
photos/Geisel/DSC_5558.jpg,deleted,2025-07-30 21:16:52.572517+00
photos/Geisel/DSC_5562.jpg,deleted,2025-07-30 21:16:52.572517+00
photos/Geisel/DSC_5566.jpg,deleted,2025-07-30 21:16:52.572517+00
photos/Geisel/DSC_5567.jpg,deleted,2025-07-30 21:16:52.572517+00
photos/Geisel/DSC_5568.jpg,deleted,2025-07-30 21:16:52.572517+00
photos/Geisel/DSC_5569.jpg,deleted,2025-07-30 21:16:52.572517+00
photos/Geisel/DSC_5570.jpg,deleted,2025-07-30 21:16:52.572517+00
photos/Geisel/DSC_5574.jpg,deleted,2025-07-30 21:16:52.572517+00
photos/Geisel/DSC_5575.jpg,deleted,2025-07-30 21:16:52.572517+00
photos/Geisel/DSC_5576.jpg,deleted,2025-07-30 21:16:52.572517+00
photos/Geisel/DSC_5577.jpg,deleted,2025-07-30 21:16:52.572517+00
photos/Geisel/DSC_5578.jpg,deleted,2025-07-30 21:16:52.572517+00
photos/Geisel/DSC_5580.jpg,deleted,2025-07-30 21:16:52.572517+00
photos/Geisel/DSC_5581.jpg,deleted,2025-07-30 21:16:52.572517+00
photos/Geisel/DSC_5583.jpg,deleted,2025-07-30 21:16:52.572517+00
photos/Geisel/DSC_5586.jpg,deleted,2025-07-30 21:16:52.572517+00
photos/Geisel/DSC_5588.jpg,deleted,2025-07-30 21:16:52.572517+00
photos/Geisel/DSC_5594.jpg,deleted,2025-07-30 21:16:52.572517+00
photos/Geisel/DSC_5595.jpg,deleted,2025-07-30 21:16:52.572517+00
photos/Geisel/DSC_5596.jpg,deleted,2025-07-30 21:16:52.572517+00
photos/Geisel/DSC_5597.jpg,deleted,2025-07-30 21:16:52.572517+00
photos/Geisel/DSC_5599.jpg,deleted,2025-07-30 21:16:52.572517+00
photos/Geisel/DSC_5601.jpg,deleted,2025-07-30 21:16:52.572517+00
photos/Geisel/DSC_5602.jpg,deleted,2025-07-30 21:16:52.572517+00
photos/Geisel/DSC_5603.jpg,deleted,2025-07-30 21:16:52.572517+00
photos/Geisel/DSC_5605.jpg,deleted,2025-07-30 21:16:52.572517+00
photos/Geisel/DSC_5606.jpg,deleted,2025-07-30 21:16:52.572517+00
photos/Geisel/DSC_5607.jpg,deleted,2025-07-30 21:16:52.572517+00
photos/Geisel/DSC_5610.jpg,deleted,2025-07-30 21:17:39.187109+00
photos/Geisel/DSC_5611.jpg,deleted,2025-07-30 21:17:39.187109+00
photos/Geisel/DSC_5614.jpg,deleted,2025-07-30 21:17:39.187109+00
photos/Geisel/DSC_5615.jpg,deleted,2025-07-30 21:17:39.187109+00
photos/Geisel/DSC_5616.jpg,deleted,2025-07-30 21:17:39.187109+00
photos/Geisel/DSC_5617.jpg,deleted,2025-07-30 21:17:39.187109+00
photos/Geisel/DSC_5619.jpg,deleted,2025-07-30 21:17:39.187109+00
photos/Geisel/DSC_5622.jpg,deleted,2025-07-30 21:17:39.187109+00
photos/Geisel/DSC_5623.jpg,deleted,2025-07-30 21:17:39.187109+00
photos/Geisel/DSC_5624.jpg,deleted,2025-07-30 21:17:39.187109+00
photos/Geisel/DSC_5626.jpg,deleted,2025-07-30 21:17:39.187109+00
photos/Geisel/DSC_5627.jpg,deleted,2025-07-30 21:17:39.187109+00
photos/Geisel/DSC_5629.jpg,deleted,2025-07-30 21:17:39.187109+00
photos/Geisel/DSC_5630.jpg,deleted,2025-07-30 21:17:39.187109+00
photos/Geisel/DSC_5634.jpg,deleted,2025-07-30 21:17:39.187109+00
photos/Geisel/DSC_5635.jpg,deleted,2025-07-30 21:17:39.187109+00
photos/Geisel/DSC_5636.jpg,deleted,2025-07-30 21:17:39.187109+00
photos/Geisel/DSC_5637.jpg,deleted,2025-07-30 21:17:39.187109+00
photos/Geisel/DSC_5638.jpg,deleted,2025-07-30 21:17:39.187109+00
photos/Geisel/DSC_5639.jpg,deleted,2025-07-30 21:17:39.187109+00
photos/Geisel/DSC_5652.jpg,deleted,2025-07-30 21:17:39.187109+00
photos/Geisel/DSC_5653.jpg,deleted,2025-07-30 21:17:39.187109+00
photos/Geisel/DSC_5654.jpg,deleted,2025-07-30 21:17:39.187109+00
photos/Geisel/DSC_5655.jpg,deleted,2025-07-30 21:17:39.187109+00
photos/Geisel/DSC_5656.jpg,deleted,2025-07-30 21:17:39.187109+00
photos/Geisel/DSC_5657.jpg,deleted,2025-07-30 21:17:39.187109+00
photos/Geisel/DSC_5658.jpg,deleted,2025-07-30 21:17:39.187109+00
photos/Geisel/DSC_5659.jpg,deleted,2025-07-30 21:17:39.187109+00
photos/Geisel/DSC_5660.jpg,deleted,2025-07-30 21:17:39.187109+00
photos/Geisel/DSC_5661.jpg,deleted,2025-07-30 21:17:39.187109+00
photos/Geisel/DSC_5662.jpg,deleted,2025-07-30 21:17:39.187109+00
photos/Geisel/DSC_5663.jpg,deleted,2025-07-30 21:17:39.187109+00
photos/Geisel/DSC_5666.jpg,deleted,2025-07-30 21:17:39.187109+00
photos/Geisel/DSC_5667.jpg,deleted,2025-07-30 21:17:39.187109+00
photos/Geisel/DSC_5669.jpg,deleted,2025-07-30 21:17:39.187109+00
photos/Geisel/DSC_5678.jpg,deleted,2025-07-30 21:17:39.187109+00
photos/Geisel/DSC_5680.jpg,deleted,2025-07-30 21:17:39.187109+00
photos/Geisel/DSC_5682.jpg,deleted,2025-07-30 21:17:39.187109+00
photos/Geisel/DSC_5683.jpg,deleted,2025-07-30 21:17:39.187109+00
photos/Geisel/DSC_5684.jpg,deleted,2025-07-30 21:17:39.187109+00
photos/Geisel/DSC_5685.jpg,deleted,2025-07-30 21:17:39.187109+00
photos/Geisel/DSC_5686.jpg,deleted,2025-07-30 21:17:39.187109+00
photos/Geisel/DSC_5687.jpg,deleted,2025-07-30 21:17:39.187109+00
photos/Geisel/DSC_5688.jpg,deleted,2025-07-30 21:17:39.187109+00
photos/Geisel/DSC_5689.jpg,deleted,2025-07-30 21:17:39.187109+00
photos/Geisel/DSC_5695.jpg,deleted,2025-07-30 21:17:39.187109+00
photos/Geisel/DSC_5700.jpg,deleted,2025-07-30 21:17:39.187109+00
photos/Geisel/DSC_5702.jpg,deleted,2025-07-30 21:17:39.187109+00
photos/Geisel/DSC_5704.jpg,deleted,2025-07-30 21:17:39.187109+00
photos/Geisel/DSC_5705.jpg,deleted,2025-07-30 21:17:39.187109+00
photos/Geisel/DSC_5709.jpg,deleted,2025-07-30 21:17:39.187109+00
photos/Geisel/DSC_5712.jpg,deleted,2025-07-30 21:17:39.187109+00
photos/Geisel/DSC_5714.jpg,deleted,2025-07-30 21:17:39.187109+00
photos/Geisel/DSC_5716.jpg,deleted,2025-07-30 21:17:39.187109+00
photos/Geisel/DSC_5717.jpg,deleted,2025-07-30 21:17:39.187109+00
photos/Geisel/DSC_5718.jpg,deleted,2025-07-30 21:19:00.048902+00
photos/Geisel/DSC_5721.jpg,deleted,2025-07-30 21:19:00.048902+00
photos/Geisel/DSC_5725.jpg,deleted,2025-07-30 21:19:00.048902+00
photos/Geisel/DSC_5729.jpg,deleted,2025-07-30 21:19:00.048902+00
photos/Geisel/DSC_5730.jpg,deleted,2025-07-30 21:19:00.048902+00
photos/Geisel/DSC_5731.jpg,deleted,2025-07-30 21:19:00.048902+00
photos/Geisel/DSC_5737.jpg,deleted,2025-07-30 21:19:00.048902+00
photos/Geisel/DSC_5738.jpg,deleted,2025-07-30 21:19:00.048902+00
photos/Geisel/DSC_5741.jpg,deleted,2025-07-30 21:19:00.048902+00
photos/Geisel/DSC_5742.jpg,deleted,2025-07-30 21:19:00.048902+00
photos/Geisel/DSC_5743.jpg,deleted,2025-07-30 21:19:00.048902+00
photos/Geisel/DSC_5746.jpg,deleted,2025-07-30 21:19:00.048902+00
photos/Geisel/DSC_5752.jpg,deleted,2025-07-30 21:19:00.048902+00
photos/Geisel/DSC_5753.jpg,deleted,2025-07-30 21:19:00.048902+00
photos/Geisel/DSC_5755.jpg,deleted,2025-07-30 21:19:00.048902+00
photos/Geisel/DSC_5760.jpg,deleted,2025-07-30 21:19:00.048902+00
photos/Geisel/DSC_5761.jpg,deleted,2025-07-30 21:19:00.048902+00
photos/Geisel/DSC_5762.jpg,deleted,2025-07-30 21:19:00.048902+00
photos/Geisel/DSC_5765.jpg,deleted,2025-07-30 21:19:00.048902+00
photos/Geisel/DSC_5766.jpg,deleted,2025-07-30 21:19:00.048902+00
photos/Geisel/DSC_5767.jpg,deleted,2025-07-30 21:19:00.048902+00
photos/Geisel/DSC_5768.jpg,deleted,2025-07-30 21:19:00.048902+00
photos/Geisel/DSC_5769.jpg,deleted,2025-07-30 21:19:00.048902+00
photos/Geisel/DSC_5770.jpg,deleted,2025-07-30 21:19:00.048902+00
photos/Geisel/DSC_5771.jpg,deleted,2025-07-30 21:19:00.048902+00
photos/Geisel/DSC_5772.jpg,deleted,2025-07-30 21:19:00.048902+00
photos/Geisel/DSC_5773.jpg,deleted,2025-07-30 21:19:00.048902+00
photos/Geisel/DSC_5775.jpg,deleted,2025-07-30 21:19:00.048902+00
photos/Geisel/DSC_5778.jpg,deleted,2025-07-30 21:19:00.048902+00
photos/Geisel/DSC_5783.jpg,deleted,2025-07-30 21:19:00.048902+00
photos/Geisel/DSC_5790.jpg,deleted,2025-07-30 21:19:00.048902+00
photos/Geisel/DSC_5796.jpg,deleted,2025-07-30 21:19:00.048902+00
photos/Geisel/DSC_5797.jpg,deleted,2025-07-30 21:19:00.048902+00
photos/Geisel/DSC_5798.jpg,deleted,2025-07-30 21:19:00.048902+00
photos/Geisel/DSC_5799.jpg,deleted,2025-07-30 21:19:00.048902+00
photos/Geisel/DSC_5802.jpg,deleted,2025-07-30 21:19:00.048902+00
photos/Geisel/DSC_5803.jpg,deleted,2025-07-30 21:19:00.048902+00
photos/Geisel/DSC_5804.jpg,deleted,2025-07-30 21:19:00.048902+00
photos/Geisel/DSC_5805.jpg,deleted,2025-07-30 21:19:00.048902+00
photos/Geisel/DSC_5808.jpg,deleted,2025-07-30 21:19:00.048902+00
photos/Geisel/DSC_5813.jpg,deleted,2025-07-30 21:19:00.048902+00
photos/Geisel/DSC_5815.jpg,deleted,2025-07-30 21:19:00.048902+00
photos/Geisel/DSC_5818.jpg,deleted,2025-07-30 21:19:00.048902+00
photos/Geisel/DSC_5819.jpg,deleted,2025-07-30 21:19:00.048902+00
photos/Geisel/DSC_5821.jpg,deleted,2025-07-30 21:19:00.048902+00
photos/Geisel/DSC_5822.jpg,deleted,2025-07-30 21:19:00.048902+00
photos/Geisel/DSC_5823.jpg,deleted,2025-07-30 21:19:00.048902+00
photos/Geisel/DSC_5824.jpg,deleted,2025-07-30 21:20:31.77029+00
photos/Geisel/DSC_5825.jpg,deleted,2025-07-30 21:20:31.77029+00
photos/Geisel/DSC_5827.jpg,deleted,2025-07-30 21:20:31.77029+00
photos/Geisel/DSC_5828.jpg,deleted,2025-07-30 21:20:31.77029+00
photos/Geisel/DSC_5829.jpg,deleted,2025-07-30 21:20:31.77029+00
photos/Geisel/DSC_5837.jpg,deleted,2025-07-30 21:20:31.77029+00
photos/Geisel/DSC_5838.jpg,deleted,2025-07-30 21:20:31.77029+00
photos/Geisel/DSC_5844.jpg,deleted,2025-07-30 21:20:31.77029+00
photos/Geisel Leaning on Wall/DSC_4997.jpg,deleted,2025-07-30 21:03:34.823224+00
photos/Geisel Leaning on Wall/DSC_5016.jpg,deleted,2025-07-30 21:03:34.823224+00
photos/Geisel Leaning on Wall/DSC_5017.jpg,deleted,2025-07-30 21:03:34.823224+00
photos/Geisel Leaning on Wall/DSC_5018.jpg,deleted,2025-07-30 21:03:34.823224+00
photos/Geisel Leaning on Wall/DSC_5022.jpg,deleted,2025-07-30 21:03:34.823224+00
photos/Geisel Leaning on Wall/DSC_5024.jpg,deleted,2025-07-30 21:03:34.823224+00
photos/Geisel Leaning on Wall/DSC_5030.jpg,deleted,2025-07-30 21:03:34.823224+00
photos/Geisel Leaning on Wall/DSC_5034.jpg,deleted,2025-07-30 21:03:34.823224+00
photos/Geisel Leaning on Wall/DSC_5037.jpg,deleted,2025-07-30 21:03:34.823224+00
photos/Geisel Leaning on Wall/DSC_5038.jpg,deleted,2025-07-30 21:03:34.823224+00
photos/Geisel Leaning on Wall/DSC_5044.jpg,deleted,2025-07-30 21:03:34.823224+00
photos/Geisel Leaning on Wall/DSC_5045.jpg,deleted,2025-07-30 21:03:34.823224+00
photos/Geisel Leaning on Wall/DSC_5046.jpg,deleted,2025-07-30 21:03:34.823224+00
photos/Geisel Leaning on Wall/DSC_5048.jpg,deleted,2025-07-30 21:03:34.823224+00
photos/Geisel Leaning on Wall/DSC_5051.jpg,deleted,2025-07-30 21:03:34.823224+00
photos/Geisel Leaning on Wall/DSC_5057.jpg,deleted,2025-07-30 21:03:34.823224+00
photos/Geisel Leaning on Wall/DSC_5058.jpg,deleted,2025-07-30 21:03:34.823224+00
photos/Geisel Leaning on Wall/DSC_5059.jpg,deleted,2025-07-30 21:03:34.823224+00
photos/Geisel Leaning on Wall/DSC_5061.jpg,deleted,2025-07-30 21:03:34.823224+00
photos/Geisel Leaning on Wall/DSC_5064.jpg,deleted,2025-07-30 21:03:34.823224+00
photos/Geisel Leaning on Wall/DSC_5072.jpg,deleted,2025-07-30 21:03:34.823224+00
photos/Geisel Leaning on Wall/DSC_5091.jpg,deleted,2025-07-30 21:03:34.823224+00
photos/Geisel Leaning on Wall/DSC_5092.jpg,deleted,2025-07-30 21:03:34.823224+00
photos/Geisel Leaning on Wall/DSC_5109.jpg,deleted,2025-07-30 21:03:34.823224+00
photos/Geisel Leaning on Wall/DSC_5111.jpg,deleted,2025-07-30 21:03:34.823224+00
photos/Geisel Leaning on Wall/DSC_5116.jpg,deleted,2025-07-30 21:03:34.823224+00
photos/Geisel Leaning on Wall/DSC_5122.jpg,deleted,2025-07-30 21:03:34.823224+00
photos/Geisel Leaning on Wall/DSC_5132.jpg,deleted,2025-07-30 21:03:34.823224+00
photos/Geisel Leaning on Wall/DSC_5143.jpg,deleted,2025-07-30 21:03:34.823224+00
photos/Geisel Leaning on Wall/DSC_5144.jpg,deleted,2025-07-30 21:03:34.823224+00
photos/Geisel Leaning on Wall/DSC_5147.jpg,deleted,2025-07-30 21:03:34.823224+00
photos/Geisel Leaning on Wall/DSC_5148.jpg,deleted,2025-07-30 21:03:34.823224+00
photos/Geisel Leaning on Wall/DSC_5151.jpg,deleted,2025-07-30 21:03:34.823224+00
photos/Geisel Leaning on Wall/DSC_5155.jpg,deleted,2025-07-30 21:03:34.823224+00
photos/Geisel Leaning on Wall/DSC_5168.jpg,deleted,2025-07-30 21:03:34.823224+00
photos/Geisel Leaning on Wall/DSC_5169.jpg,deleted,2025-07-30 21:11:25.349312+00
photos/Geisel Leaning on Wall/DSC_5170.jpg,deleted,2025-07-30 21:11:25.349312+00
photos/Geisel Leaning on Wall/DSC_5174.jpg,deleted,2025-07-30 21:11:25.349312+00
photos/Geisel Leaning on Wall/DSC_5176.jpg,deleted,2025-07-30 21:11:25.349312+00
photos/Geisel Leaning on Wall/DSC_5177.jpg,deleted,2025-07-30 21:11:25.349312+00
photos/Geisel Leaning on Wall/DSC_5182.jpg,deleted,2025-07-30 21:11:25.349312+00
photos/Geisel Leaning on Wall/DSC_5183.jpg,deleted,2025-07-30 21:11:25.349312+00
photos/Geisel Leaning on Wall/DSC_5184.jpg,deleted,2025-07-30 21:11:25.349312+00
photos/Geisel Leaning on Wall/DSC_5186.jpg,deleted,2025-07-30 21:11:25.349312+00
photos/Geisel Leaning on Wall/DSC_5188.jpg,deleted,2025-07-30 21:11:25.349312+00
photos/Geisel Leaning on Wall/DSC_5191.jpg,deleted,2025-07-30 21:11:25.349312+00
photos/Geisel Leaning on Wall with Robe/DSC_4768.jpg,deleted,2025-07-30 20:58:35.8163+00
photos/Geisel Leaning on Wall with Robe/DSC_4773.jpg,deleted,2025-07-30 20:58:35.8163+00
photos/Geisel Leaning on Wall with Robe/DSC_4775.jpg,deleted,2025-07-30 20:58:35.8163+00
photos/Geisel Leaning on Wall with Robe/DSC_4776.jpg,deleted,2025-07-30 20:58:35.8163+00
photos/Geisel Leaning on Wall with Robe/DSC_4777.jpg,deleted,2025-07-30 20:58:35.8163+00
photos/Geisel Leaning on Wall with Robe/DSC_4786.jpg,deleted,2025-07-30 20:58:35.8163+00
photos/Geisel Leaning on Wall with Robe/DSC_4791.jpg,deleted,2025-07-30 20:58:35.8163+00
photos/Geisel Leaning on Wall with Robe/DSC_4792.jpg,deleted,2025-07-30 20:58:35.8163+00
photos/Geisel Leaning on Wall with Robe/DSC_4795.jpg,deleted,2025-07-30 20:58:35.8163+00
photos/Geisel Leaning on Wall with Robe/DSC_4797.jpg,deleted,2025-07-30 20:58:35.8163+00
photos/Geisel Leaning on Wall with Robe/DSC_4802.jpg,deleted,2025-07-30 20:58:35.8163+00
photos/Geisel Leaning on Wall with Robe/DSC_4803.jpg,deleted,2025-07-30 20:58:35.8163+00
photos/Geisel Leaning on Wall with Robe/DSC_4804.jpg,deleted,2025-07-30 20:58:35.8163+00
photos/Geisel Leaning on Wall with Robe/DSC_4810.jpg,deleted,2025-07-30 21:11:25.349312+00
photos/Geisel Leaning on Wall with Robe/DSC_4836.jpg,deleted,2025-07-30 21:11:25.349312+00
photos/Geisel Leaning on Wall with Robe/DSC_4838.jpg,deleted,2025-07-30 20:58:35.8163+00
photos/Geisel Leaning on Wall with Robe/DSC_4855.jpg,deleted,2025-07-30 20:58:35.8163+00
photos/Geisel Leaning on Wall with Robe/DSC_4860.jpg,deleted,2025-07-30 20:58:35.8163+00
photos/Geisel Leaning on Wall with Robe/DSC_4862.jpg,deleted,2025-07-30 20:58:35.8163+00
photos/Geisel Leaning on Wall with Robe/DSC_4873.jpg,deleted,2025-07-30 21:11:25.349312+00
photos/Geisel Leaning on Wall with Robe/DSC_4878.jpg,deleted,2025-07-30 20:58:35.8163+00
photos/Geisel Leaning on Wall with Robe/DSC_4882.jpg,deleted,2025-07-30 21:11:25.349312+00
photos/Geisel Leaning on Wall with Robe/DSC_4928.jpg,deleted,2025-07-30 21:03:34.823224+00
photos/Geisel Leaning on Wall with Robe/DSC_4929.jpg,deleted,2025-07-30 21:03:34.823224+00
photos/Geisel Leaning on Wall with Robe/DSC_4930.jpg,deleted,2025-07-30 21:03:34.823224+00
photos/Geisel Leaning on Wall with Robe/DSC_4931.jpg,deleted,2025-07-30 21:03:34.823224+00
photos/Geisel Leaning on Wall with Robe/DSC_4932.jpg,deleted,2025-07-30 21:03:34.823224+00
photos/Geisel Leaning on Wall with Robe/DSC_4933.jpg,deleted,2025-07-30 21:03:34.823224+00
photos/Geisel Leaning on Wall with Robe/DSC_4934.jpg,deleted,2025-07-30 21:03:34.823224+00
photos/Geisel Leaning on Wall with Robe/DSC_4935.jpg,deleted,2025-07-30 21:03:34.823224+00
photos/Geisel Leaning on Wall with Robe/DSC_4936.jpg,deleted,2025-07-30 21:03:34.823224+00
photos/Geisel Leaning on Wall with Robe/DSC_4937.jpg,deleted,2025-07-30 21:03:34.823224+00
photos/Geisel Leaning on Wall with Robe/DSC_4938.jpg,deleted,2025-07-30 21:03:34.823224+00
photos/Geisel Leaning on Wall with Robe/DSC_4939.jpg,deleted,2025-07-30 21:03:34.823224+00
photos/Geisel Leaning on Wall with Robe/DSC_4941.jpg,deleted,2025-07-30 21:03:34.823224+00
photos/Geisel Leaning on Wall with Robe/DSC_4946.jpg,deleted,2025-07-30 21:03:34.823224+00
photos/Geisel Leaning on Wall with Robe/DSC_4947.jpg,deleted,2025-07-30 21:03:34.823224+00
photos/Geisel Leaning on Wall with Robe/DSC_4948.jpg,deleted,2025-07-30 21:03:34.823224+00
photos/Geisel Leaning on Wall with Robe/DSC_4949.jpg,deleted,2025-07-30 21:03:34.823224+00
photos/Geisel Leaning on Wall with Robe/DSC_4951.jpg,deleted,2025-07-30 21:03:34.823224+00
photos/Geisel Leaning on Wall with Robe/DSC_4954.jpg,deleted,2025-07-30 21:03:34.823224+00
photos/Geisel Leaning on Wall with Robe/DSC_4958.jpg,deleted,2025-07-30 21:03:34.823224+00
photos/Geisel Leaning on Wall with Robe/DSC_4971.jpg,deleted,2025-07-30 21:03:34.823224+00
photos/Geisel Leaning on Wall with Robe/DSC_4980.jpg,deleted,2025-07-30 21:03:34.823224+00
photos/Geisel Leaning on Wall with Robe/DSC_4989.jpg,deleted,2025-07-30 21:03:34.823224+00
photos/Geisel Leaning on Wall with Robe/DSC_4991.jpg,deleted,2025-07-30 21:03:34.823224+00
photos/Geisel Wall Leaning with Helmet/DSC_5195.jpg,deleted,2025-07-30 21:11:25.349312+00
photos/Geisel Wall Leaning with Helmet/DSC_5203.jpg,deleted,2025-07-30 21:11:25.349312+00
photos/Geisel Wall Leaning with Helmet/DSC_5205.jpg,deleted,2025-07-30 21:11:25.349312+00
photos/Geisel Wall Leaning with Helmet/DSC_5206.jpg,deleted,2025-07-30 21:11:25.349312+00
photos/Geisel Wall Leaning with Helmet/DSC_5207.jpg,deleted,2025-07-30 21:11:25.349312+00
photos/Geisel Wall Leaning with Helmet/DSC_5208.jpg,deleted,2025-07-30 21:11:25.349312+00
photos/Geisel Wall Leaning with Helmet/DSC_5212.jpg,deleted,2025-07-30 21:11:25.349312+00
photos/Geisel Wall Leaning with Helmet/DSC_5216.jpg,deleted,2025-07-30 21:11:25.349312+00
photos/Geisel Wall Leaning with Helmet/DSC_5218.jpg,deleted,2025-07-30 21:11:25.349312+00
photos/Geisel Wall Leaning with Helmet/DSC_5221.jpg,deleted,2025-07-30 21:11:25.349312+00
photos/Geisel Wall Leaning with Helmet/DSC_5222.jpg,deleted,2025-07-30 21:11:25.349312+00
photos/Geisel Wall Leaning with Helmet/DSC_5225.jpg,deleted,2025-07-30 21:11:25.349312+00
photos/Geisel Wall Leaning with Helmet/DSC_5227.jpg,deleted,2025-07-30 21:11:25.349312+00
photos/Geisel Wall Leaning with Helmet/DSC_5228.jpg,deleted,2025-07-30 21:11:25.349312+00
photos/Geisel Wall Leaning with Helmet/DSC_5229.jpg,deleted,2025-07-30 21:11:25.349312+00
photos/Geisel Wall Leaning with Helmet/DSC_5230.jpg,deleted,2025-07-30 21:11:25.349312+00
photos/Geisel Wall Leaning with Helmet/DSC_5232.jpg,deleted,2025-07-30 21:11:25.349312+00
photos/Geisel Wall Leaning with Helmet/DSC_5233.jpg,deleted,2025-07-30 21:11:25.349312+00
photos/Geisel Wall Leaning with Helmet/DSC_5238.jpg,deleted,2025-07-30 21:11:25.349312+00
photos/Geisel Wall Leaning with Helmet/DSC_5239.jpg,deleted,2025-07-30 21:11:25.349312+00
photos/Geisel Wall Leaning with Helmet/DSC_5240.jpg,deleted,2025-07-30 21:11:25.349312+00
photos/Geisel Wall Leaning with Helmet/DSC_5242.jpg,deleted,2025-07-30 21:11:25.349312+00
photos/Geisel Wall Leaning with Helmet/DSC_5244.jpg,deleted,2025-07-30 21:11:25.349312+00
photos/Geisel Wall Leaning with Helmet/DSC_5245.jpg,deleted,2025-07-30 21:11:25.349312+00
photos/Geisel Wall Leaning with Helmet/DSC_5246.jpg,deleted,2025-07-30 21:11:25.349312+00
photos/Geisel Wall Leaning with Helmet/DSC_5248.jpg,deleted,2025-07-30 21:11:25.349312+00
photos/Geisel Wall Leaning with Helmet/DSC_5249.jpg,deleted,2025-07-30 21:11:25.349312+00
photos/Geisel Wall Leaning with Helmet/DSC_5258.jpg,deleted,2025-07-30 21:11:25.349312+00
photos/Geisel Wall Leaning with Helmet/DSC_5259.jpg,deleted,2025-07-30 21:11:25.349312+00
photos/Geisel Wall Leaning with Helmet/DSC_5264.jpg,deleted,2025-07-30 21:11:25.349312+00
photos/Geisel Wall Leaning with Helmet/DSC_5265.jpg,deleted,2025-07-30 21:11:25.349312+00
photos/Geisel Wall Leaning with Helmet/DSC_5266.jpg,deleted,2025-07-30 21:11:25.349312+00
photos/Geisel Wall Leaning with Helmet/DSC_5267.jpg,deleted,2025-07-30 21:11:25.349312+00
photos/Geisel Wall Leaning with Helmet/DSC_5269.jpg,deleted,2025-07-30 21:11:25.349312+00
photos/Geisel Wall Leaning with Helmet/DSC_5270.jpg,deleted,2025-07-30 21:11:25.349312+00
photos/Geisel Wall Leaning with Helmet/DSC_5274.jpg,deleted,2025-07-30 21:11:25.349312+00
photos/Geisel Wall Leaning with Helmet/DSC_5278.jpg,deleted,2025-07-30 21:11:25.349312+00
photos/Geisel Wall Leaning with Helmet/DSC_5279.jpg,deleted,2025-07-30 21:11:25.349312+00
photos/Geisel Wall Leaning with Helmet/DSC_5283.jpg,deleted,2025-07-30 21:11:25.349312+00
photos/Geisel Wall Leaning with Helmet/DSC_5285.jpg,deleted,2025-07-30 21:11:25.349312+00
photos/Geisel Wall Leaning with Helmet/DSC_5296.jpg,deleted,2025-07-30 21:11:25.349312+00
photos/Geisel Wall Leaning with Helmet/DSC_5310.jpg,deleted,2025-07-30 21:11:25.349312+00
photos/Helmet & Stole Hanger/DSC_5321.jpg,deleted,2025-07-30 21:20:31.77029+00
photos/Helmet & Stole Hanger/DSC_5322.jpg,deleted,2025-07-30 21:20:31.77029+00
photos/Helmet & Stole Hanger/DSC_5415.jpg,deleted,2025-07-30 21:20:31.77029+00
photos/Stole Hanging/DSC_5430.jpg,deleted,2025-07-30 21:20:31.77029+00
photos/Walking/DSC_6372.jpg,deleted,2025-07-30 21:20:31.77029+00
photos/Walking/DSC_6393.jpg,deleted,2025-07-30 21:20:31.77029+00
photos/Walking/DSC_6394.jpg,deleted,2025-07-30 21:20:31.77029+00
photos/Walking/DSC_6395.jpg,deleted,2025-07-30 21:20:31.77029+00
photos/Walking/DSC_6403.jpg,deleted,2025-07-30 21:20:31.77029+00
photos/Walking/DSC_6404.jpg,deleted,2025-07-30 21:20:31.77029+00
photos/Walking/DSC_6406.jpg,deleted,2025-07-30 21:20:31.77029+00
photos/Walking/DSC_6408.jpg,deleted,2025-07-30 21:20:31.77029+00
photos/Walking/DSC_6409.jpg,deleted,2025-07-30 21:20:31.77029+00
photos/Walking/DSC_6410.jpg,deleted,2025-07-30 21:20:31.77029+00
photos/Walking/DSC_6411.jpg,deleted,2025-07-30 21:20:31.77029+00
photos/Walking/DSC_6412.jpg,deleted,2025-07-30 21:20:31.77029+00
photos/Walking/DSC_6413.jpg,deleted,2025-07-30 21:20:31.77029+00
photos/Walking/DSC_6416.jpg,deleted,2025-07-30 21:20:31.77029+00
photos/Walking/DSC_6436.jpg,deleted,2025-07-30 21:20:31.77029+00
photos/Walking/DSC_6438.jpg,deleted,2025-07-30 21:20:31.77029+00
photos/Walking/DSC_6446.jpg,deleted,2025-07-30 21:20:31.77029+00
photos/Walking/DSC_6480.jpg,deleted,2025-07-30 21:20:31.77029+00
photos/Walking/DSC_6496.jpg,deleted,2025-07-30 21:20:31.77029+00
photos/Walking/DSC_6498.jpg,deleted,2025-07-30 21:20:31.77029+00
photos/Walking/DSC_6499.jpg,deleted,2025-07-30 21:20:31.77029+00
photos/Walking/DSC_6500.jpg,deleted,2025-07-30 21:20:31.77029+00
photos/Walking/DSC_6503.jpg,deleted,2025-07-30 21:20:31.77029+00
photos/Walking/DSC_6504.jpg,deleted,2025-07-30 21:20:31.77029+00
photos/Walking/DSC_6505.jpg,deleted,2025-07-30 21:20:31.77029+00
photos/Walking/DSC_6506.jpg,deleted,2025-07-30 21:20:31.77029+00
photos/Walking/DSC_6507.jpg,deleted,2025-07-30 21:20:31.77029+00
photos/Walking/DSC_6518.jpg,deleted,2025-07-30 21:20:31.77029+00
photos/Walking/DSC_6521.jpg,deleted,2025-07-30 21:20:31.77029+00
photos/Walking/DSC_6522.jpg,deleted,2025-07-30 21:20:31.77029+00
photos/Walking/DSC_6565.jpg,deleted,2025-07-30 21:22:01.29521+00
photos/Walking/DSC_6571.jpg,deleted,2025-07-30 21:22:01.29521+00
photos/Walking with Helmet/DSC_6651.jpg,deleted,2025-07-30 21:20:31.77029+00
photos/Walking with Helmet/DSC_6653.jpg,deleted,2025-07-30 21:20:31.77029+00
photos/Walking with Helmet/DSC_6665.jpg,deleted,2025-07-30 21:20:31.77029+00
photos/Wide Angle Concrete Wall/DSC_6260.jpg,deleted,2025-07-30 21:22:01.29521+00
photos/Wide Angle Concrete Wall/DSC_6261.jpg,deleted,2025-07-30 21:22:01.29521+00
photos/Wide Angle Concrete Wall/DSC_6266.jpg,deleted,2025-07-30 21:22:01.29521+00
photos/Wide Angle Concrete Wall/DSC_6270.jpg,deleted,2025-07-30 21:22:01.29521+00
photos/Wide Angle Concrete Wall/DSC_6271.jpg,deleted,2025-07-30 21:22:01.29521+00
photos/Wide Angle Concrete Wall/DSC_6292.jpg,deleted,2025-07-30 21:22:01.29521+00
photos/Wide Angle Concrete Wall/DSC_6297.jpg,deleted,2025-07-30 21:22:01.29521+00
photos/Wide Angle Concrete Wall/DSC_6298.jpg,deleted,2025-07-30 21:22:01.29521+00
photos/Wide Angle Concrete Wall/DSC_6299.jpg,deleted,2025-07-30 21:22:01.29521+00
photos/Wide Angle Concrete Wall/DSC_6300.jpg,deleted,2025-07-30 21:22:01.29521+00
photos/Wide Angle Concrete Wall/DSC_6301.jpg,deleted,2025-07-30 21:22:01.29521+00
photos/Wide Angle Concrete Wall/DSC_6336.jpg,deleted,2025-07-30 21:22:01.29521+00
photos/Wide Angle Concrete Wall/DSC_6337.jpg,deleted,2025-07-30 21:22:01.29521+00
photos/Wide Angle Concrete Wall/DSC_6338.jpg,deleted,2025-07-30 21:22:01.29521+00
photos/Wide Angle Concrete Wall/DSC_6340.jpg,deleted,2025-07-30 21:22:01.29521+00
photos/Wide Angle Concrete Wall/DSC_6341.jpg,deleted,2025-07-30 21:22:01.29521+00
photos/Wide Angle Concrete Wall/DSC_6342.jpg,deleted,2025-07-30 21:22:01.29521+00
photos/Wide Angle Concrete Wall/DSC_6343.jpg,deleted,2025-07-30 21:22:01.29521+00
photos/Wide Angle Concrete Wall/DSC_6344.jpg,deleted,2025-07-30 21:22:01.29521+00
photos/Wide Angle Concrete Wall/DSC_6345.jpg,deleted,2025-07-30 21:22:01.29521+00
photos/Wide Angle Concrete Wall/DSC_6346.jpg,deleted,2025-07-30 21:22:01.29521+00
photos/Wide Angle Concrete Wall/DSC_6349.jpg,deleted,2025-07-30 21:22:01.29521+00
photos/Wide Angle Concrete Wall/DSC_6350.jpg,deleted,2025-07-30 21:22:01.29521+00
photos/Wide Angle Concrete Wall/DSC_6351.jpg,deleted,2025-07-30 21:22:01.29521+00
photos/Wide Angle Concrete Wall/DSC_6353.jpg,deleted,2025-07-30 21:22:01.29521+00
photos/Wide Angle Concrete Wall/DSC_6356.jpg,deleted,2025-07-30 21:22:01.29521+00
photos/Wide Angle Concrete Wall/DSC_6357.jpg,deleted,2025-07-30 21:22:01.29521+00
photos/Wide Angle Concrete Wall/DSC_6359.jpg,deleted,2025-07-30 21:22:01.29521+00
photos/Wide Angle Concrete Wall/DSC_6360.jpg,deleted,2025-07-30 21:22:01.29521+00
photos/Wide Angle Concrete Wall/DSC_6361.jpg,deleted,2025-07-30 21:22:01.29521+00
photos/Wide Angle Concrete Wall/DSC_6362.jpg,deleted,2025-07-30 21:22:01.29521+00
photos/Wide Angle Concrete Wall/DSC_6363.jpg,deleted,2025-07-30 21:22:01.29521+00